type,name,sku,regular_price,sale_price,manage_stock,stock,backorders,stock_status,categories,tags,short_description,description,images,attributes:name,attributes:value(s),attributes:visible,attributes:taxonomy,parent_id
variable,Crop Top Azul Hortensia Camiseta,CR09,,,no,,no,,Prendas > Camisetas,"camiseta, personalizada, ropa",Producto personalizable: Crop Top Azul Hortensia Camiseta,"Crop Top Azul Hortensia Camiseta. Ideal para prendas > camisetas. Personalizable con tu diseño o marca.

Tallas disponibles: S, M","https://cdn.catalog-store.link/47c6337babd0c60cecd56af576ef9ad7_photo.webp, https://cdn.catalog-store.link/5a1aa3c2dab804cc3ce198365ac3a3fd_photo.webp, https://cdn.catalog-store.link/a0d4fcad11fdd6a28098ab1ec79152c7_photo.webp",Talla,S | M,1,1,
variation,Crop Top Azul Hortensia Camiseta - Talla S,CR09-S,10500,,yes,1,no,instock,Prendas > Camisetas,"camiseta, personalizada, ropa",Producto personalizable: Crop Top Azul Hortensia Camiseta,Crop Top Azul Hortensia Camiseta. Ideal para prendas > camisetas. Personalizable con tu diseño o marca.,"https://cdn.catalog-store.link/47c6337babd0c60cecd56af576ef9ad7_photo.webp, https://cdn.catalog-store.link/5a1aa3c2dab804cc3ce198365ac3a3fd_photo.webp, https://cdn.catalog-store.link/a0d4fcad11fdd6a28098ab1ec79152c7_photo.webp",Talla,S,1,1,CR09
variation,Crop Top Azul Hortensia Camiseta - Talla M,CR09-M,10500,,yes,1,no,instock,Prendas > Camisetas,"camiseta, personalizada, ropa",Producto personalizable: Crop Top Azul Hortensia Camiseta,Crop Top Azul Hortensia Camiseta. Ideal para prendas > camisetas. Personalizable con tu diseño o marca.,"https://cdn.catalog-store.link/47c6337babd0c60cecd56af576ef9ad7_photo.webp, https://cdn.catalog-store.link/5a1aa3c2dab804cc3ce198365ac3a3fd_photo.webp, https://cdn.catalog-store.link/a0d4fcad11fdd6a28098ab1ec79152c7_photo.webp",Talla,M,1,1,CR09
simple,Mug Fondo Color Cuchara 11 Onz-MUG:AMARILLO,053,9100,,yes,6,no,instock,Hogar > Mugs,"mug, sublimación, taza",Producto personalizable: Mug Fondo Color Cuchara 11 Onz-MUG:AMARILLO,Mug Fondo Color Cuchara 11 Onz-MUG:AMARILLO. Ideal para hogar > mugs. Personalizable con tu diseño o marca.,"https://cdn.catalog-store.link/c3930d112a05f017ee6e9df1daa24897_photo.webp, https://cdn.catalog-store.link/c4c823963135d6880ccf52e7b7946dc5_photo.webp, https://cdn.catalog-store.link/ad5edc4008810d7d8d7680e90dc88263_photo.webp, https://cdn.catalog-store.link/714d21ff56dfc8bcc2f011126bc9299c_photo.webp, https://cdn.catalog-store.link/a45f491ec948ce1bb4c226bde2acde19_photo.webp, https://cdn.catalog-store.link/81b1d9f269cc4ab4dfe8feec3059522b_photo.webp, https://cdn.catalog-store.link/077ed29a76b259c985011d792c7ac8c1_photo.webp, https://cdn.catalog-store.link/e9145828155b7d412f4c1f60e369eae0_photo.webp, https://cdn.catalog-store.link/4af3af32d35724395c7b30c37f139518_photo.webp, https://cdn.catalog-store.link/b3e9857c7fff1ec5f7c19db450be67b8_photo.webp",,,,,
simple,Crop top Blanco Camiseta-COLOR:S,136,10500,,yes,6,no,instock,Prendas > Camisetas,"camiseta, personalizada, ropa",Producto personalizable: Crop top Blanco Camiseta-COLOR:S,Crop top Blanco Camiseta-COLOR:S. Ideal para prendas > camisetas. Personalizable con tu diseño o marca.,https://cdn.catalog-store.link/34c6328f2607dd62d7ab9c58fe1b022e_photo.webp,,,,,
simple,P.D. Blanco Niño-BLANCA:8,15A,9100,,yes,8,no,instock,Otros,personalizado,Producto personalizable: P.D. Blanco Niño-BLANCA:8,P.D. Blanco Niño-BLANCA:8. Ideal para otros. Personalizable con tu diseño o marca.,https://cdn.catalog-store.link/1fc1123dcfe3671a45342c93b2f4806e_photo.webp,,,,,
simple,Burda Azul Oscuro Oversize-burda azul oscuro:L,3475,35000,,yes,4,no,instock,Otros,personalizado,Producto personalizable: Burda Azul Oscuro Oversize-burda azul oscuro:L,Burda Azul Oscuro Oversize-burda azul oscuro:L. Ideal para otros. Personalizable con tu diseño o marca.,https://cdn.catalog-store.link/bd4f2314d840e282f478425ae32f61cf_photo.webp,,,,,
simple,Llavero En Aluminio Doble Cara-FIGURA:CORAZON,56-FR5,5600,,yes,2,no,instock,Otros,personalizado,Producto personalizable: Llavero En Aluminio Doble Cara-FIGURA:CORAZON,Llavero En Aluminio Doble Cara-FIGURA:CORAZON. Ideal para otros. Personalizable con tu diseño o marca.,"https://cdn.catalog-store.link/73b0451b6eaab44d62847bf32cd000f9_photo.webp, https://cdn.catalog-store.link/0da127dcb770f4d5b7f269fdbfde946d_photo.webp, https://cdn.catalog-store.link/76ffd227b0f20a2a22cf524deaa5dca0_photo.webp, https://cdn.catalog-store.link/92bb32007a29083b14dcdb8ffe50c65d_photo.webp, https://cdn.catalog-store.link/bcd176635b9f1c1a9d08bd2bf1cda08d_photo.webp",,,,,
simple,BLANCO caballero LOTE 2-BLANCO:M,6456,9100,,yes,6,no,instock,Otros,personalizado,Producto personalizable: BLANCO caballero LOTE 2-BLANCO:M,BLANCO caballero LOTE 2-BLANCO:M. Ideal para otros. Personalizable con tu diseño o marca.,https://cdn.catalog-store.link/a56d7746c11a498c4e2ae2084189e690_photo.webp,,,,,
simple,Caramañola Bicolor 600 ml-COLOR:Verde,89-78BH,12600,,yes,5,no,instock,Otros,personalizado,Producto personalizable: Caramañola Bicolor 600 ml-COLOR:Verde,Caramañola Bicolor 600 ml-COLOR:Verde. Ideal para otros. Personalizable con tu diseño o marca.,https://cdn.catalog-store.link/a5a4223e9cd91b43fa58bd0944ad7741_photo.webp,,,,,
simple,Mug Fondo Color 11 Onz-MUG:Amarillo,A4s,7700,,yes,12,no,instock,Hogar > Mugs,"mug, sublimación, taza",Producto personalizable: Mug Fondo Color 11 Onz-MUG:Amarillo,Mug Fondo Color 11 Onz-MUG:Amarillo. Ideal para hogar > mugs. Personalizable con tu diseño o marca.,"https://cdn.catalog-store.link/2354df5f694cd73127b4c9d4df0f0f97_photo.webp, https://cdn.catalog-store.link/367410bc29b6d761182ef09864496377_photo.webp, https://cdn.catalog-store.link/87704784e9dba9fd6db51e2a1e6afd04_photo.webp",,,,,
simple,Algodon Negro Caballero:L (Descuento 2000),AG4,18200,,yes,6,no,instock,Otros,personalizado,Producto personalizable: Algodon Negro Caballero -TALLAS:L (Descuento 2000),Algodon Negro Caballero -TALLAS:L (Descuento 2000). Ideal para otros. Personalizable con tu diseño o marca.,https://cdn.catalog-store.link/7ef49303c51b8fe408df6f64f0d092ac_photo.webp,,,,,
simple,Algodon Azul Oscuro Caballero (Descuento 2000),AG7,18200,,yes,4,no,instock,Otros,personalizado,Producto personalizable: Algodon Azul Oscuro Caballero -TALLA:L (Descuento 2000),Algodon Azul Oscuro Caballero -TALLA:L (Descuento 2000). Ideal para otros. Personalizable con tu diseño o marca.,"https://cdn.catalog-store.link/bbdf49c37be37b248071196868116d5e_photo.webp, https://cdn.catalog-store.link/f83d1a03378561c1cd06c32f16c184b5_photo.webp, https://cdn.catalog-store.link/92dd8c9f1adfb1dcf9dcf8f1b87d4bc8_photo.webp, https://cdn.catalog-store.link/7bed775a781baf2e7f8c8086c1a42d86_photo.webp",,,,,
simple,Algodon Caqui Caballero (Descuento 2000),AP04,18200,,yes,2,no,instock,Otros,personalizado,Producto personalizable: Algodon Caqui Caballero-Talla:L (Descuento 2000),Algodon Caqui Caballero-Talla:L (Descuento 2000). Ideal para otros. Personalizable con tu diseño o marca.,"https://cdn.catalog-store.link/2952d2e4678cf836cf4f18006d178d00_photo.webp, https://cdn.catalog-store.link/7f82e9edd1001302e0b597a1b493b78a_photo.webp, https://cdn.catalog-store.link/08801ebdd41b05780caf684aff101b09_photo.webp",,,,,
simple,Acrilico con Base -FIGURA:Gota transparente,Ac1,14000,,yes,4,no,instock,Decoración > Acrílicos,"acrílico, decoración, personalizado",Producto personalizable: Acrilico con Base -FIGURA:Gota transparente,Acrilico con Base -FIGURA:Gota transparente. Ideal para decoración > acrílicos. Personalizable con tu diseño o marca.,"https://cdn.catalog-store.link/03cf89f76b1a355b11ca1727455421ef_photo.webp, https://cdn.catalog-store.link/5e13ceb92001e665493dc087e53d994b_photo.webp, https://cdn.catalog-store.link/b2fc19c1ef80a05ed5a93b0d486e8dd6_photo.webp, https://cdn.catalog-store.link/a3ddb21149f480e3df6becf057adb6d6_photo.webp, https://cdn.catalog-store.link/2580073184712256ccf27f76f73e5357_photo.webp",,,,,
simple,P.D. Dama Negro,DN1,9100,,yes,6,no,instock,Otros,personalizado,Producto personalizable: P.D. Dama Negro-Talla:M,P.D. Dama Negro-Talla:M. Ideal para otros. Personalizable con tu diseño o marca.,"https://cdn.catalog-store.link/2af96345f857608576e164c7b4984c0f_photo.webp, https://cdn.catalog-store.link/073ad571effbd7824322d46976d13283_photo.webp, https://cdn.catalog-store.link/f23a84c98f81abca4e6c95797ae463ee_photo.webp, https://cdn.catalog-store.link/5cc9d6f56f95b3a1d28214e6fc180e6d_photo.webp",,,,,
simple,Burda Negra Oversize,Oz1,35000,,yes,4,no,instock,Otros,personalizado,Producto personalizable: Burda Negra Oversize-TALLA:L,Burda Negra Oversize-TALLA:L. Ideal para otros. Personalizable con tu diseño o marca.,"https://cdn.catalog-store.link/e97b3a88a1d53dd3a1c5e4710a4bbe6d_photo.webp, https://cdn.catalog-store.link/eba88a67ce0621e461a213cade998f83_photo.webp, https://cdn.catalog-store.link/8d13e27fb7cd2c994ecfb71c29b5732c_photo.webp, https://cdn.catalog-store.link/2801b9881da98f5348fd2175d734b9b6_photo.webp",,,,,
simple,P.D Dama Blanco LOTE 2,PDD,9100,,yes,6,no,instock,Otros,personalizado,Producto personalizable: P.D Dama Blanco LOTE 2-Talla:S,P.D Dama Blanco LOTE 2-Talla:S. Ideal para otros. Personalizable con tu diseño o marca.,"https://cdn.catalog-store.link/0324bd4c058fde63324c7ed80d40a4e3_photo.webp, https://cdn.catalog-store.link/db2757d7ec3985cd780e6e70dd9b0b91_photo.webp, https://cdn.catalog-store.link/456f563753ee478e916d66badb6d39e6_photo.webp, https://cdn.catalog-store.link/f560c4dbced7917dee2cbdaf883e2706_photo.webp",,,,,
simple,Burda Marfil Oversize,omb,35000,,yes,4,no,instock,Otros,personalizado,Producto personalizable: Burda Marfil Oversize-TALLA:L,Burda Marfil Oversize-TALLA:L. Ideal para otros. Personalizable con tu diseño o marca.,https://cdn.catalog-store.link/f796bd3e0b557fe767b4dce02fbab28e_photo.webp,,,,,
simple,Pegante Sk100,038,21000,,yes,2,no,instock,Otros,personalizado,Producto personalizable: Pegante Sk100,Pegante Sk100. Ideal para otros. Personalizable con tu diseño o marca.,https://cdn.catalog-store.link/1ee0e8c1d8244de555cc16e1ecb53682_photo.webp,,,,,
simple,Funda Cojín lentejuela sublimable-COLOR:ROSADO,142,18200,,yes,2,no,instock,Otros,personalizado,Producto personalizable: Funda Cojín lentejuela sublimable-COLOR:ROSADO,Funda Cojín lentejuela sublimable-COLOR:ROSADO. Ideal para otros. Personalizable con tu diseño o marca.,https://cdn.catalog-store.link/104f0fd03b5de6235b12358c2c3c7c71_photo.webp,,,,,
simple,Papel De Sublimacion Rosado Premium A4,152,21000,,yes,1,no,instock,Otros,personalizado,Producto personalizable: Papel De Sublimacion Rosado Premium A4,Papel De Sublimacion Rosado Premium A4. Ideal para otros. Personalizable con tu diseño o marca.,https://cdn.catalog-store.link/8dd4a5417275cbd59b3f03df3a347d5a_photo.webp,,,,,
simple,Tarjeta PVC Sublimable 8.5x5.5,173,1120,,yes,48,no,instock,Otros,personalizado,Producto personalizable: Tarjeta PVC Sublimable 8.5x5.5,Tarjeta PVC Sublimable 8.5x5.5. Ideal para otros. Personalizable con tu diseño o marca.,https://cdn.catalog-store.link/3514a073c2d5ebaca3f3fc50b90fa07b_photo.webp,,,,,
simple,Tula Sublimable 43*34,34,7000,,yes,12,no,instock,Otros,personalizado,Producto personalizable: Tula Sublimable 43*34,Tula Sublimable 43*34. Ideal para otros. Personalizable con tu diseño o marca.,https://cdn.catalog-store.link/bf2a64bfe2cf62c36b435f27eb60f0cc_photo.webp,,,,,
simple,Seda Fria Blanca Oversize -BLANCO:L,45N,35000,,yes,2,no,instock,Otros,personalizado,Producto personalizable: Seda Fria Blanca Oversize -BLANCO:L,Seda Fria Blanca Oversize -BLANCO:L. Ideal para otros. Personalizable con tu diseño o marca.,"https://cdn.catalog-store.link/996fe108c461d6276da719175a52e2b8_photo.webp, https://cdn.catalog-store.link/d99f7ca7cf73bf72334187fb56bd0344_photo.webp, https://cdn.catalog-store.link/3eb76b85b352e78225f2fed0e8c3b3b2_photo.webp, https://cdn.catalog-store.link/1b0611640f4454f9bcfde46575a49fd1_photo.webp",,,,,
simple,Seda Fria Gris Oversize -TALLA:L,874,35000,,yes,2,no,instock,Otros,personalizado,Producto personalizable: Seda Fria Gris Oversize -TALLA:L,Seda Fria Gris Oversize -TALLA:L. Ideal para otros. Personalizable con tu diseño o marca.,https://cdn.catalog-store.link/f07e09a36a28b7689a365af5bc16ad66_photo.webp,,,,,
simple,Algodon Blanco Caballero -TALLAS:L (Descuento 2000),AG1,18200,,yes,1,no,instock,Otros,personalizado,Producto personalizable: Algodon Blanco Caballero -TALLAS:L (Descuento 2000),Algodon Blanco Caballero -TALLAS:L (Descuento 2000). Ideal para otros. Personalizable con tu diseño o marca.,"https://cdn.catalog-store.link/b0876f7a79cbaef034d30c48908c643a_photo.webp, https://cdn.catalog-store.link/5a95a8f530f8d1d7b2a5c9393f700faf_photo.webp, https://cdn.catalog-store.link/31cd6a12c2e50914661a2eab8c8078a0_photo.webp, https://cdn.catalog-store.link/02d56c2a237b200880f2507a84fa0cb2_photo.webp",,,,,
simple,Algodon Azul Bebe Caballero-talla:L (Descuento 2000),AZ05,18200,,yes,1,no,instock,Otros,personalizado,Producto personalizable: Algodon Azul Bebe Caballero-talla:L (Descuento 2000),Algodon Azul Bebe Caballero-talla:L (Descuento 2000). Ideal para otros. Personalizable con tu diseño o marca.,https://cdn.catalog-store.link/011dc023d2f550e727b7d379c92421cf_photo.webp,,,,,
simple,Buzo Cordon Blanco Poliester -TALLA:L,BCB01,47600,,yes,3,no,instock,Prendas > Buzos y Chaquetas,personalizado,Producto personalizable: Buzo Cordon Blanco Poliester -TALLA:L,Buzo Cordon Blanco Poliester -TALLA:L. Ideal para prendas > buzos y chaquetas. Personalizable con tu diseño o marca.,"https://cdn.catalog-store.link/8c038e1226029d6729c0cd3267f1756b_photo.webp, https://cdn.catalog-store.link/fbd2778342a645fa38bff16c29e27760_photo.webp",,,,,
simple,Burda Caqui Oversize-Talla :Xl,Bur2,35000,,yes,2,no,instock,Otros,personalizado,Producto personalizable: Burda Caqui Oversize-Talla :Xl,Burda Caqui Oversize-Talla :Xl. Ideal para otros. Personalizable con tu diseño o marca.,https://cdn.catalog-store.link/7b728d1f2fec5578e4d6c4ae45d88355_photo.webp,,,,,
simple,Burda Tierra Oversize-Talla:S,Bur6,35000,,yes,1,no,instock,Otros,personalizado,Producto personalizable: Burda Tierra Oversize-Talla:S,Burda Tierra Oversize-Talla:S. Ideal para otros. Personalizable con tu diseño o marca.,"https://cdn.catalog-store.link/dd0da71ef5bd84b5315cc226a9480b1f_photo.webp, https://cdn.catalog-store.link/fab9c5d4e820ac06869209353e9abe23_photo.webp, https://cdn.catalog-store.link/10d3a970399c92c94f90ded1df1d89fe_photo.webp, https://cdn.catalog-store.link/f68661a60632b0280a8a8647b0eb38c0_photo.webp",,,,,
simple,Lamina Sublimable 20x30-LAMINA:BLANCA,LA14G,11200,,yes,6,no,instock,Otros,personalizado,Producto personalizable: Lamina Sublimable 20x30-LAMINA:BLANCA,Lamina Sublimable 20x30-LAMINA:BLANCA. Ideal para otros. Personalizable con tu diseño o marca.,https://cdn.catalog-store.link/54017e67983eb59b3f41a91390eaed78_photo.webp,,,,,
simple,Lamina Sublimable 15x20,LA15G,7700,,yes,10,no,instock,Otros,personalizado,Producto personalizable: Lamina Sublimable 15x20,Lamina Sublimable 15x20. Ideal para otros. Personalizable con tu diseño o marca.,https://cdn.catalog-store.link/ba8e1ed143a0dfa1871163a39a692621_photo.webp,,,,,
simple,Mug Sublimación Blanco 11oz (Caja 72 unidades),MUG11-C72,126000,,yes,72,no,instock,Hogar > Mugs,"mug, sublimación, taza",Producto personalizable: Mug Sublimación Blanco 11oz (Caja 72 unidades),Mug Sublimación Blanco 11oz (Caja 72 unidades). Ideal para hogar > mugs. Personalizable con tu diseño o marca.,,,,,,
simple,Mug Magico Mate 11 Onz,Magico,8120,,yes,12,no,instock,Hogar > Mugs,"mug, sublimación, taza",Producto personalizable: Mug Magico Mate 11 Onz,Mug Magico Mate 11 Onz. Ideal para hogar > mugs. Personalizable con tu diseño o marca.,https://cdn.catalog-store.link/e7fd93f49e423de5d2e5f06cdb578705_photo.webp,,,,,
simple,P.D Camibuzo Blanco-Talla:L,P09,15400,,yes,1,no,instock,Prendas > Buzos y Chaquetas,personalizado,Producto personalizable: P.D Camibuzo Blanco-Talla:L,P.D Camibuzo Blanco-Talla:L. Ideal para prendas > buzos y chaquetas. Personalizable con tu diseño o marca.,"https://cdn.catalog-store.link/4fcecd02c95f1fa3b472ff05efa0507b_photo.webp, https://cdn.catalog-store.link/7c40ea0fc27136b370f2bf6fd3353617_photo.webp",,,,,
simple,Tarjeta De Aluminio Sublimable,TSM,1400,,yes,24,no,instock,Otros,personalizado,Producto personalizable: Tarjeta De Aluminio Sublimable,Tarjeta De Aluminio Sublimable. Ideal para otros. Personalizable con tu diseño o marca.,https://cdn.catalog-store.link/db630735ac640f0df4dcedf1f110edcd_photo.webp,,,,,
